{
  "documents": [
    {
      "name": "1.docx",
      "created_at": "3",
      "created_by": "a"
    },
    {
      "name": "100GL-Pre PIC enabler.docm"
    },
    {
      "name": "101GL(R) Global annual independence program.docx"
    },
    {
      "name": "102GL-Pre UTB.docm"
    },
    {
      "name": "103GL(R)-Pre ELCs.docm"
    },
    {
      "name": "106GL-Significant discl map.docm"
    },
    {
      "name": "107GL Service org eval.docx"
    },
    {
      "name": "109GL(R) Audit engmt team inquiry.docx"
    },
    {
      "name": "110GL Significant unusual transaction form.docm"
    },
    {
      "name": "114GL Custom automated techniques documentation form.docm"
    },
    {
      "name": "117GL FINTECH risk identification and response form.docx"
    },
    {
      "name": "123GL Undstd cybersec.docx"
    },
    {
      "name": "130GL (R)-Pre-Mgmt specialist.docm"
    },
    {
      "name": "131GL(R)-Pre EY specialist.docm"
    },
    {
      "name": "132GL-Ext spec contract.docx"
    },
    {
      "name": "2.docx"
    },
    {
      "name": "210GL(R)-Going concern (1).docm"
    },
    {
      "name": "210GL(R)-Going concern.docm"
    },
    {
      "name": "211GL(R)-SMPL Laws-regs (1).docm"
    },
    {
      "name": "211GL(R)-SMPL Laws-regs (2).docm"
    },
    {
      "name": "211GL(R)-SMPL Laws-regs (3).docm"
    },
    {
      "name": "211GL(R)-SMPL Laws-regs.docm"
    },
    {
      "name": "212GL(R)-SMPL Related parties (1).docm"
    },
    {
      "name": "212GL(R)-SMPL Related parties (2).docm"
    },
    {
      "name": "212GL(R)-SMPL Related parties.docm"
    },
    {
      "name": "213GL(R)-SMPL Litigation (1).docm"
    },
    {
      "name": "213GL(R)-SMPL Litigation (2).docm"
    },
    {
      "name": "213GL(R)-SMPL Litigation.docm"
    },
    {
      "name": "214GL-Letter of support.docx"
    },
    {
      "name": "230gl-it planning memo.docx"
    },
    {
      "name": "231gl-it environment.docx"
    },
    {
      "name": "232GL(R)-Understand IT process (1).docm"
    },
    {
      "name": "232GL(R)-Understand IT process (2).docm"
    },
    {
      "name": "232GL(R)-Understand IT process-Example.docm"
    },
    {
      "name": "232GL(R)-Understand IT process.docm"
    },
    {
      "name": "262GL-A-Post GL Analyzer JE testing.docm"
    },
    {
      "name": "262GL-A-Pre GL AnalyzerSQL JE testing.docm"
    },
    {
      "name": "262GL-B-Post Journal entries testing form.docm"
    },
    {
      "name": "262GL-B-Pre Journal entries testing form.docm"
    },
    {
      "name": "263GL(R)-Use of IA-Others.docm"
    },
    {
      "name": "265GL-Information produced by the entity (IPE).docx .docx"
    },
    {
      "name": "267GL-Digital asset auditing considerations.docx"
    },
    {
      "name": "271GL Climate-related risks.docm"
    },
    {
      "name": "284GL Segregation duties.docm"
    },
    {
      "name": "3.docx"
    },
    {
      "name": "300GL(R)-A-Post EQR SS program-audits.docm"
    },
    {
      "name": "300GL(R)-A-Pre EQR S&S program-audits.docm"
    },
    {
      "name": "300GL(R)-B-Post EQR Interim program-audits.docm"
    },
    {
      "name": "300GL(R)-B-Pre EQR Interim program-audits.docm"
    },
    {
      "name": "300GL(R)-C-Post EQR YE program-audits.docm"
    },
    {
      "name": "300GL(R)-C-Pre EQR YE program-audits.docm"
    },
    {
      "name": "301GL(R) IFRS technical review form.docx"
    },
    {
      "name": "340GL-Observe inventory.docx"
    },
    {
      "name": "342GL Inc tax form (1).docx"
    },
    {
      "name": "342GL Inc tax form.docx"
    },
    {
      "name": "342GL-A IFRIC 23 supplement (1).docx"
    },
    {
      "name": "342GL-A IFRIC 23 supplement.docx"
    },
    {
      "name": "343GL Non-income tax audit procedures form.docm"
    },
    {
      "name": "344GL-Inventory cycle count.docx"
    },
    {
      "name": "400GL(R)-Legal letter standard.docx"
    },
    {
      "name": "401GL-Legal letter first year.docx"
    },
    {
      "name": "410GL(R) Letter of representations (LOR)-FS.docx"
    },
    {
      "name": "411GL-LOR minutes.docx"
    },
    {
      "name": "412GL LOR-TCWG NC laws-regs.docx"
    },
    {
      "name": "432GL-Summary review memorandum (SRM).docm"
    },
    {
      "name": "433GL Concurrence memorandum template.docx"
    },
    {
      "name": "433GL-IND  Independence consultation template.docx"
    },
    {
      "name": "435GL Non-EY other participants-instructions.docx"
    },
    {
      "name": "437GL-KAM form.docm"
    },
    {
      "name": "438GL(R)-Pre-Paper documentation form.docx"
    },
    {
      "name": "440GL-Pre Doc after report date.docx"
    },
    {
      "name": "441GL(R)-Post Doc after archive date.docm"
    },
    {
      "name": "441GL-Pre Doc after archive date.docm"
    },
    {
      "name": "460GL(R)-Post RAS.docm"
    },
    {
      "name": "460GL(R)-Pre RAS.docm"
    },
    {
      "name": "461GL(R) RAS-CMT.docx"
    },
    {
      "name": "462GL(R)-RAS-ITR.docx"
    },
    {
      "name": "463GL(R)-RAS-RR.docx"
    },
    {
      "name": "464GL(R) RAS-CL.docx"
    },
    {
      "name": "465GL(R) RAS-Cross-border SEC.docx"
    },
    {
      "name": "490GL(R) Illustrative independence communication.docx"
    },
    {
      "name": "500GL-bal confirm-fin inst.docx"
    },
    {
      "name": "501gl-request stmt of acct.docx"
    },
    {
      "name": "502gl-request cutoff bank stmt.docx"
    },
    {
      "name": "503gl-credit arrange confirm.docx"
    },
    {
      "name": "504GL-confirm custodian acct.docx"
    },
    {
      "name": "505GL-Confirm bill-hold trans.docx"
    },
    {
      "name": "506gl-pos ar confirm.docx"
    },
    {
      "name": "507gl-neg ar confirm.docx"
    },
    {
      "name": "508gl-confirm terms of sale.docx"
    },
    {
      "name": "509gl-3rd party held inventory.docx"
    },
    {
      "name": "510gl-inventory held others.docx"
    },
    {
      "name": "511gl- confirm advance payment.docx"
    },
    {
      "name": "512gl-confirm note rec.docx"
    },
    {
      "name": "513gl-confirm note pay.docx"
    },
    {
      "name": "514GL-Confirm LT debt.docx"
    },
    {
      "name": "515gl-confirm lt debt trustee.docx"
    },
    {
      "name": "516gl-confirm derivative.docx"
    },
    {
      "name": "517gl-confirm capital stock.docx"
    },
    {
      "name": "570GL Helix DA delivery plan.docx"
    },
    {
      "name": "571-P&C Helix PC NL  (Spotfire) Data extraction memo.docx"
    },
    {
      "name": "571GL Helix GL_SL data extract (1).docx"
    },
    {
      "name": "571GL Helix GL_SL data extract (2).docx"
    },
    {
      "name": "571GL Helix GL_SL data extract.docx"
    },
    {
      "name": "571GL-BCAR data extraction memo.docx"
    },
    {
      "name": "571GL-WA Data extraction-Warranty Analyzer.docx"
    },
    {
      "name": "572-P&C Helix PC NL (Spotfire) Data delivery memo.docx"
    },
    {
      "name": "572GL-A.1 Helix DA delivery-Payroll.docx"
    },
    {
      "name": "572GL-A.2 Helix DA delivery-PPE.docx"
    },
    {
      "name": "572GL-C.3 Helix DA delivery_Inventory AAM.docx"
    },
    {
      "name": "573GL General Ledger Analyzer IPE documentation.docx"
    },
    {
      "name": "620GL 20-F and FPI registration statement checklist.docx"
    },
    {
      "name": "CT-1 Acknowledgement.docm"
    },
    {
      "name": "CT-12 Management letter.docm"
    },
    {
      "name": "CT-2 Independence confirmation.docm"
    },
    {
      "name": "CT-3-1 Component ASM.docm"
    },
    {
      "name": "CT-4 Early warning memorandum.docm"
    },
    {
      "name": "CT-5-FS Full scope conclusion.docm"
    },
    {
      "name": "CT-5-RS Review scope conclusion.docm"
    },
    {
      "name": "CT-5-SP Specified procedures conclusion.docm"
    },
    {
      "name": "CT-5-SS Specific scope conclusion.docm"
    },
    {
      "name": "CT-7 Component SAD.docm"
    },
    {
      "name": "CT-8 Component SOCD.docm"
    },
    {
      "name": "CT-9 Final confirmation.docm"
    },
    {
      "name": "FAQ - ELC testing form.docx"
    },
    {
      "name": "PT-1 Key information central procedures and group engagement agreement details (1).docm"
    },
    {
      "name": "PT-1 Key information central procedures and group engagement agreement details (2).docm"
    },
    {
      "name": "PT-1 Key information central procedures and group engagement agreement details (3).docm"
    },
    {
      "name": "PT-1 Key information central procedures and group engagement agreement details.docm"
    },
    {
      "name": "PT-2 Timetable and PT contacts.docm"
    },
    {
      "name": "PT-3 Internal auditors work.docm"
    },
    {
      "name": "PT-4 Representation letters (1).docm"
    },
    {
      "name": "PT-4 Representation letters.docm"
    },
    {
      "name": "SW-1-FS Instruct FS.docm"
    },
    {
      "name": "SW-1-RS Instruct RS.docm"
    },
    {
      "name": "SW-1-SP Instruct SP.docm"
    },
    {
      "name": "SW-1-SS Instruct SS.docm"
    },
    {
      "name": "Script for 280-E Learning Demo.docx"
    },
    {
      "name": "Source1.docx"
    },
    {
      "name": "Source2.docx"
    },
    {
      "name": "diff.docx"
    },
    {
      "name": "doc_1.docx"
    },
    {
      "name": "test-v1.docx"
    },
    {
      "name": "test-v2.docx"
    },
    {
      "name": "test-v3.docx"
    },
    {
      "name": "test.docx"
    }
  ]
}